product,market,month,demand,allocation,absdiff,reldiff
200S,US,Jan 2016,6666,424,6242,93.6253187340633
200S,US,Feb 2016,88,58,30,33.70786516853933
200S,US,Mar 2016,81,58,23,28.048780487804876
200S,Canada,Jan 2016,93,6,87,92.55319148936171
200S,Canada,Feb 2016,96,59,37,38.144329896907216
200S,Canada,Mar 2016,97,67,30,30.612244897959183
200S,Brazil,Jan 2016,90,6,84,92.3076923076923
200S,Brazil,Feb 2016,88,50,38,42.69662921348315
200S,Brazil,Mar 2016,90,59,31,34.065934065934066
200S,Argentina,Jan 2016,64,5,59,90.76923076923077
200S,Argentina,Feb 2016,67,34,33,48.529411764705884
200S,Argentina,Mar 2016,61,34,27,43.54838709677419
200S,UK,Jan 2016,72,5,67,91.78082191780823
200S,UK,Feb 2016,73,58,15,20.27027027027027
200S,UK,Mar 2016,71,45,26,36.111111111111114
200S,France,Jan 2016,83,5,78,92.85714285714286
200S,France,Feb 2016,79,64,15,18.75
200S,France,Mar 2016,75,45,30,39.473684210526315
200S,Germany,Jan 2016,22,2,20,86.95652173913044
200S,Germany,Feb 2016,30,13,17,54.83870967741935
200S,Germany,Mar 2016,22,12,10,43.47826086956522
200S,Spain,Jan 2016,68,4,64,92.7536231884058
200S,Spain,Feb 2016,65,49,16,24.242424242424242
200S,Spain,Mar 2016,59,42,17,28.333333333333332
200S,Italy,Jan 2016,32,2,30,90.9090909090909
200S,Italy,Feb 2016,34,9,25,71.42857142857143
200S,Italy,Mar 2016,36,18,18,48.648648648648646
200S,China,Jan 2016,87,6,81,92.04545454545455
200S,China,Feb 2016,82,45,37,44.57831325301205
200S,China,Mar 2016,87,57,30,34.09090909090909
200S,Japan,Jan 2016,64,5,59,90.76923076923077
200S,Japan,Feb 2016,63,31,32,50
200S,Japan,Mar 2016,58,33,25,42.3728813559322
300S,US,Jan 2016,28,25,3,10.344827586206897
300S,US,Feb 2016,28,25,3,10.344827586206897
300S,US,Mar 2016,22,19,3,13.043478260869565
300S,Canada,Jan 2016,20,17,3,14.285714285714286
300S,Canada,Feb 2016,23,21,2,8.333333333333334
300S,Canada,Mar 2016,22,20,2,8.695652173913043
300S,Brazil,Jan 2016,62,55,7,11.11111111111111
300S,Brazil,Feb 2016,58,51,7,11.864406779661017
300S,Brazil,Mar 2016,55,48,7,12.5
300S,Argentina,Jan 2016,46,41,5,10.638297872340425
300S,Argentina,Feb 2016,41,36,5,11.904761904761905
300S,Argentina,Mar 2016,44,39,5,11.11111111111111
300S,UK,Jan 2016,27,24,3,10.714285714285714
300S,UK,Feb 2016,30,27,3,9.67741935483871
300S,UK,Mar 2016,30,27,3,9.67741935483871
300S,France,Jan 2016,108,96,12,11.009174311926605
300S,France,Feb 2016,108,96,12,11.009174311926605
300S,France,Mar 2016,105,93,12,11.320754716981131
300S,Germany,Jan 2016,36,32,4,10.81081081081081
300S,Germany,Feb 2016,45,41,4,8.695652173913043
300S,Germany,Mar 2016,44,40,4,8.88888888888889
300S,Spain,Jan 2016,20,17,3,14.285714285714286
300S,Spain,Feb 2016,18,16,2,10.526315789473685
300S,Spain,Mar 2016,23,21,2,8.333333333333334
300S,Italy,Jan 2016,7,6,1,12.5
300S,Italy,Feb 2016,9,8,1,10
300S,Italy,Mar 2016,6,6,0,0
300S,China,Jan 2016,33,29,4,11.764705882352942
300S,China,Feb 2016,37,33,4,10.526315789473685
300S,China,Mar 2016,29,26,3,10
300S,Japan,Jan 2016,11,10,1,8.333333333333334
300S,Japan,Feb 2016,7,5,2,25
300S,Japan,Mar 2016,12,11,1,7.6923076923076925
600S,US,Jan 2016,6,5,1,14.285714285714286
600S,US,Feb 2016,2,1,1,33.333333333333336
600S,US,Mar 2016,5,5,0,0
600S,Canada,Jan 2016,74,65,9,12
600S,Canada,Feb 2016,71,63,8,11.11111111111111
600S,Canada,Mar 2016,78,70,8,10.126582278481013
600S,Brazil,Jan 2016,72,64,8,10.95890410958904
600S,Brazil,Feb 2016,70,62,8,11.267605633802816
600S,Brazil,Mar 2016,72,64,8,10.95890410958904
600S,Argentina,Jan 2016,76,68,8,10.38961038961039
600S,Argentina,Feb 2016,79,70,9,11.25
600S,Argentina,Mar 2016,77,69,8,10.256410256410257
600S,UK,Jan 2016,26,23,3,11.11111111111111
600S,UK,Feb 2016,30,27,3,9.67741935483871
600S,UK,Mar 2016,30,27,3,9.67741935483871
600S,France,Jan 2016,118,105,13,10.92436974789916
600S,France,Feb 2016,119,106,13,10.833333333333334
600S,France,Mar 2016,115,102,13,11.206896551724139
600S,Germany,Jan 2016,107,95,12,11.11111111111111
600S,Germany,Feb 2016,113,101,12,10.526315789473685
600S,Germany,Mar 2016,115,103,12,10.344827586206897
600S,Spain,Jan 2016,69,61,8,11.428571428571429
600S,Spain,Feb 2016,73,65,8,10.81081081081081
600S,Spain,Mar 2016,78,71,7,8.860759493670885
600S,Italy,Jan 2016,81,72,9,10.975609756097562
600S,Italy,Feb 2016,83,73,10,11.904761904761905
600S,Italy,Mar 2016,82,74,8,9.63855421686747
600S,China,Jan 2016,99,88,11,11
600S,China,Feb 2016,102,91,11,10.679611650485437
600S,China,Mar 2016,104,93,11,10.476190476190476
600S,Japan,Jan 2016,22,19,3,13.043478260869565
600S,Japan,Feb 2016,20,17,3,14.285714285714286
600S,Japan,Mar 2016,16,13,3,17.647058823529413
626S,US,Jan 2016,73,65,8,10.81081081081081
626S,US,Feb 2016,79,71,8,10
626S,US,Mar 2016,82,74,8,9.63855421686747
626S,Canada,Jan 2016,52,46,6,11.320754716981131
626S,Canada,Feb 2016,52,47,5,9.433962264150944
626S,Canada,Mar 2016,55,49,6,10.714285714285714
626S,Brazil,Jan 2016,26,23,3,11.11111111111111
626S,Brazil,Feb 2016,29,26,3,10
626S,Brazil,Mar 2016,22,19,3,13.043478260869565
626S,Argentina,Jan 2016,110,98,12,10.81081081081081
626S,Argentina,Feb 2016,102,89,13,12.62135922330097
626S,Argentina,Mar 2016,106,94,12,11.214953271028037
626S,UK,Jan 2016,31,28,3,9.375
626S,UK,Feb 2016,29,25,4,13.333333333333334
626S,UK,Mar 2016,28,25,3,10.344827586206897
626S,France,Jan 2016,22,19,3,13.043478260869565
626S,France,Feb 2016,22,20,2,8.695652173913043
626S,France,Mar 2016,25,23,2,7.6923076923076925
626S,Germany,Jan 2016,22,19,3,13.043478260869565
626S,Germany,Feb 2016,27,25,2,7.142857142857143
626S,Germany,Mar 2016,24,22,2,8
626S,Spain,Jan 2016,19,17,2,10
626S,Spain,Feb 2016,21,19,2,9.090909090909092
626S,Spain,Mar 2016,12,10,2,15.384615384615385
626S,Italy,Jan 2016,24,21,3,12
626S,Italy,Feb 2016,25,23,2,7.6923076923076925
626S,Italy,Mar 2016,24,21,3,12
626S,China,Jan 2016,79,70,9,11.25
626S,China,Feb 2016,71,63,8,11.11111111111111
626S,China,Mar 2016,78,69,9,11.39240506329114
626S,Japan,Jan 2016,83,74,9,10.714285714285714
626S,Japan,Feb 2016,85,75,10,11.627906976744185
626S,Japan,Mar 2016,86,77,9,10.344827586206897
676S,US,Jan 2016,47,42,5,10.416666666666666
676S,US,Feb 2016,49,44,5,10
676S,US,Mar 2016,56,50,6,10.526315789473685
676S,Canada,Jan 2016,20,18,2,9.523809523809524
676S,Canada,Feb 2016,20,17,3,14.285714285714286
676S,Canada,Mar 2016,25,23,2,7.6923076923076925
676S,Brazil,Jan 2016,9,8,1,10
676S,Brazil,Feb 2016,6,5,1,14.285714285714286
676S,Brazil,Mar 2016,11,10,1,8.333333333333334
676S,Argentina,Jan 2016,91,81,10,10.869565217391305
676S,Argentina,Feb 2016,94,84,10,10.526315789473685
676S,Argentina,Mar 2016,97,87,10,10.204081632653061
676S,UK,Jan 2016,28,25,3,10.344827586206897
676S,UK,Feb 2016,27,24,3,10.714285714285714
676S,UK,Mar 2016,31,28,3,9.375
676S,France,Jan 2016,83,74,9,10.714285714285714
676S,France,Feb 2016,88,79,9,10.112359550561798
676S,France,Mar 2016,85,75,10,11.627906976744185
676S,Germany,Jan 2016,110,98,12,10.81081081081081
676S,Germany,Feb 2016,122,109,13,10.56910569105691
676S,Germany,Mar 2016,126,114,12,9.448818897637794
676S,Spain,Jan 2016,46,41,5,10.638297872340425
676S,Spain,Feb 2016,45,40,5,10.869565217391305
676S,Spain,Mar 2016,47,42,5,10.416666666666666
676S,Italy,Jan 2016,104,93,11,10.476190476190476
676S,Italy,Feb 2016,115,103,12,10.344827586206897
676S,Italy,Mar 2016,120,108,12,9.917355371900827
676S,China,Jan 2016,58,52,6,10.169491525423728
676S,China,Feb 2016,59,52,7,11.666666666666666
676S,China,Mar 2016,68,62,6,8.695652173913043
676S,Japan,Jan 2016,47,42,5,10.416666666666666
676S,Japan,Feb 2016,56,50,6,10.526315789473685
676S,Japan,Mar 2016,59,54,5,8.333333333333334
676RS,US,Jan 2016,101,90,11,10.784313725490197
676RS,US,Feb 2016,106,94,12,11.214953271028037
676RS,US,Mar 2016,116,105,11,9.401709401709402
676RS,Canada,Jan 2016,16,14,2,11.764705882352942
676RS,Canada,Feb 2016,16,14,2,11.764705882352942
676RS,Canada,Mar 2016,16,15,1,5.882352941176471
676RS,Brazil,Jan 2016,58,52,6,10.169491525423728
676RS,Brazil,Feb 2016,58,51,7,11.864406779661017
676RS,Brazil,Mar 2016,59,53,6,10
676RS,Argentina,Jan 2016,85,76,9,10.465116279069768
676RS,Argentina,Feb 2016,92,82,10,10.75268817204301
676RS,Argentina,Mar 2016,90,81,9,9.89010989010989
676RS,UK,Jan 2016,24,22,2,8
676RS,UK,Feb 2016,32,29,3,9.090909090909092
676RS,UK,Mar 2016,33,30,3,8.823529411764707
676RS,France,Jan 2016,35,31,4,11.11111111111111
676RS,France,Feb 2016,39,35,4,10
676RS,France,Mar 2016,36,32,4,10.81081081081081
676RS,Germany,Jan 2016,58,52,6,10.169491525423728
676RS,Germany,Feb 2016,54,47,7,12.727272727272727
676RS,Germany,Mar 2016,59,53,6,10
676RS,Spain,Jan 2016,64,57,7,10.76923076923077
676RS,Spain,Feb 2016,63,56,7,10.9375
676RS,Spain,Mar 2016,59,52,7,11.666666666666666
676RS,Italy,Jan 2016,35,31,4,11.11111111111111
676RS,Italy,Feb 2016,39,35,4,10
676RS,Italy,Mar 2016,34,30,4,11.428571428571429
676RS,China,Jan 2016,36,32,4,10.81081081081081
676RS,China,Feb 2016,37,33,4,10.526315789473685
676RS,China,Mar 2016,39,35,4,10
676RS,Japan,Jan 2016,72,64,8,10.95890410958904
676RS,Japan,Feb 2016,68,60,8,11.594202898550725
676RS,Japan,Mar 2016,70,62,8,11.267605633802816
900S,US,Jan 2016,9,8,1,10
900S,US,Feb 2016,14,13,1,6.666666666666667
900S,US,Mar 2016,6,5,1,14.285714285714286
900S,Canada,Jan 2016,105,93,12,11.320754716981131
900S,Canada,Feb 2016,97,85,12,12.244897959183673
900S,Canada,Mar 2016,102,91,11,10.679611650485437
900S,Brazil,Jan 2016,37,33,4,10.526315789473685
900S,Brazil,Feb 2016,40,36,4,9.75609756097561
900S,Brazil,Mar 2016,43,39,4,9.090909090909092
900S,Argentina,Jan 2016,35,31,4,11.11111111111111
900S,Argentina,Feb 2016,34,30,4,11.428571428571429
900S,Argentina,Mar 2016,35,31,4,11.11111111111111
900S,UK,Jan 2016,115,102,13,11.206896551724139
900S,UK,Feb 2016,107,95,12,11.11111111111111
900S,UK,Mar 2016,111,98,13,11.607142857142858
900S,France,Jan 2016,41,36,5,11.904761904761905
900S,France,Feb 2016,37,33,4,10.526315789473685
900S,France,Mar 2016,44,39,5,11.11111111111111
900S,Germany,Jan 2016,43,38,5,11.363636363636363
900S,Germany,Feb 2016,35,31,4,11.11111111111111
900S,Germany,Mar 2016,39,34,5,12.5
900S,Spain,Jan 2016,59,52,7,11.666666666666666
900S,Spain,Feb 2016,61,54,7,11.290322580645162
900S,Spain,Mar 2016,60,54,6,9.836065573770492
900S,Italy,Jan 2016,22,19,3,13.043478260869565
900S,Italy,Feb 2016,24,22,2,8
900S,Italy,Mar 2016,22,20,2,8.695652173913043
900S,China,Jan 2016,13,11,2,14.285714285714286
900S,China,Feb 2016,12,11,1,7.6923076923076925
900S,China,Mar 2016,16,15,1,5.882352941176471
900S,Japan,Jan 2016,39,35,4,10
900S,Japan,Feb 2016,38,33,5,12.820512820512821
900S,Japan,Mar 2016,37,33,4,10.526315789473685
929S,US,Jan 2016,107,95,12,11.11111111111111
929S,US,Feb 2016,106,94,12,11.214953271028037
929S,US,Mar 2016,107,95,12,11.11111111111111
929S,Canada,Jan 2016,42,37,5,11.627906976744185
929S,Canada,Feb 2016,40,36,4,9.75609756097561
929S,Canada,Mar 2016,45,40,5,10.869565217391305
929S,Brazil,Jan 2016,15,13,2,12.5
929S,Brazil,Feb 2016,10,9,1,9.090909090909092
929S,Brazil,Mar 2016,8,6,2,22.22222222222222
929S,Argentina,Jan 2016,11,9,2,16.666666666666668
929S,Argentina,Feb 2016,6,5,1,14.285714285714286
929S,Argentina,Mar 2016,7,6,1,12.5
929S,UK,Jan 2016,53,47,6,11.11111111111111
929S,UK,Feb 2016,52,46,6,11.320754716981131
929S,UK,Mar 2016,54,48,6,10.909090909090908
929S,France,Jan 2016,116,103,13,11.11111111111111
929S,France,Feb 2016,113,100,13,11.403508771929825
929S,France,Mar 2016,110,97,13,11.711711711711711
929S,Germany,Jan 2016,15,13,2,12.5
929S,Germany,Feb 2016,21,20,1,4.545454545454546
929S,Germany,Mar 2016,20,18,2,9.523809523809524
929S,Spain,Jan 2016,94,84,10,10.526315789473685
929S,Spain,Feb 2016,99,88,11,11
929S,Spain,Mar 2016,92,82,10,10.75268817204301
929S,Italy,Jan 2016,39,35,4,10
929S,Italy,Feb 2016,45,40,5,10.869565217391305
929S,Italy,Mar 2016,46,42,4,8.51063829787234
929S,China,Jan 2016,67,60,7,10.294117647058824
929S,China,Feb 2016,67,59,8,11.764705882352942
929S,China,Mar 2016,71,64,7,9.722222222222221
929S,Japan,Jan 2016,22,20,2,8.695652173913043
929S,Japan,Feb 2016,23,20,3,12.5
929S,Japan,Mar 2016,23,21,2,8.333333333333334
996S,US,Jan 2016,70,53,17,23.943661971830984
996S,US,Feb 2016,68,51,17,24.63768115942029
996S,US,Mar 2016,68,51,17,24.63768115942029
996S,Canada,Jan 2016,87,69,18,20.454545454545453
996S,Canada,Feb 2016,91,73,18,19.565217391304348
996S,Canada,Mar 2016,90,72,18,19.78021978021978
996S,Brazil,Jan 2016,10,5,5,45.45454545454545
996S,Brazil,Feb 2016,8,4,4,44.44444444444444
996S,Brazil,Mar 2016,12,0,12,100
996S,Argentina,Jan 2016,96,85,11,11.34020618556701
996S,Argentina,Feb 2016,95,84,11,11.458333333333334
996S,Argentina,Mar 2016,105,95,10,9.433962264150944
996S,UK,Jan 2016,47,39,8,16.666666666666668
996S,UK,Feb 2016,46,38,8,17.02127659574468
996S,UK,Mar 2016,55,46,9,16.071428571428573
996S,France,Jan 2016,52,36,16,30.18867924528302
996S,France,Feb 2016,54,38,16,29.09090909090909
996S,France,Mar 2016,60,44,16,26.229508196721312
996S,Germany,Jan 2016,47,31,16,33.333333333333336
996S,Germany,Feb 2016,44,24,20,44.44444444444444
996S,Germany,Mar 2016,49,29,20,40
996S,Spain,Jan 2016,85,71,14,16.27906976744186
996S,Spain,Feb 2016,87,73,14,15.909090909090908
996S,Spain,Mar 2016,98,84,14,14.141414141414142
996S,Italy,Jan 2016,25,17,8,30.76923076923077
996S,Italy,Feb 2016,28,14,14,48.275862068965516
996S,Italy,Mar 2016,28,8,20,68.96551724137932
996S,China,Jan 2016,98,86,12,12.121212121212121
996S,China,Feb 2016,101,89,12,11.764705882352942
996S,China,Mar 2016,98,86,12,12.121212121212121
996S,Japan,Jan 2016,50,35,15,29.41176470588235
996S,Japan,Feb 2016,51,36,15,28.846153846153847
996S,Japan,Mar 2016,55,34,21,37.5
996RS,US,Jan 2016,15,13,2,12.5
996RS,US,Feb 2016,17,15,2,11.11111111111111
996RS,US,Mar 2016,15,14,1,6.25
996RS,Canada,Jan 2016,73,64,9,12.162162162162161
996RS,Canada,Feb 2016,72,65,7,9.58904109589041
996RS,Canada,Mar 2016,70,62,8,11.267605633802816
996RS,Brazil,Jan 2016,97,86,11,11.224489795918368
996RS,Brazil,Feb 2016,98,87,11,11.11111111111111
996RS,Brazil,Mar 2016,99,89,10,10
996RS,Argentina,Jan 2016,48,43,5,10.204081632653061
996RS,Argentina,Feb 2016,54,48,6,10.909090909090908
996RS,Argentina,Mar 2016,55,50,5,8.928571428571429
996RS,UK,Jan 2016,53,47,6,11.11111111111111
996RS,UK,Feb 2016,63,57,6,9.375
996RS,UK,Mar 2016,63,57,6,9.375
996RS,France,Jan 2016,25,22,3,11.538461538461538
996RS,France,Feb 2016,28,25,3,10.344827586206897
996RS,France,Mar 2016,34,32,2,5.714285714285714
996RS,Germany,Jan 2016,34,30,4,11.428571428571429
996RS,Germany,Feb 2016,29,25,4,13.333333333333334
996RS,Germany,Mar 2016,28,25,3,10.344827586206897
996RS,Spain,Jan 2016,71,63,8,11.11111111111111
996RS,Spain,Feb 2016,75,67,8,10.526315789473685
996RS,Spain,Mar 2016,73,65,8,10.81081081081081
996RS,Italy,Jan 2016,71,63,8,11.11111111111111
996RS,Italy,Feb 2016,72,64,8,10.95890410958904
996RS,Italy,Mar 2016,76,68,8,10.38961038961039
996RS,China,Jan 2016,5,4,1,16.666666666666668
996RS,China,Feb 2016,11,10,1,8.333333333333334
996RS,China,Mar 2016,3,3,0,0
996RS,Japan,Jan 2016,24,21,3,12
996RS,Japan,Feb 2016,23,21,2,8.333333333333334
996RS,Japan,Mar 2016,23,20,3,12.5
RoadStar,US,Jan 2016,86,35,51,58.62068965517241
RoadStar,US,Feb 2016,80,30,50,61.72839506172839
RoadStar,US,Mar 2016,77,25,52,66.66666666666667
RoadStar,Canada,Jan 2016,101,63,38,37.254901960784316
RoadStar,Canada,Feb 2016,98,54,44,44.44444444444444
RoadStar,Canada,Mar 2016,102,58,44,42.71844660194175
RoadStar,Brazil,Jan 2016,80,39,41,50.617283950617285
RoadStar,Brazil,Feb 2016,75,35,40,52.63157894736842
RoadStar,Brazil,Mar 2016,79,24,55,68.75
RoadStar,Argentina,Jan 2016,105,62,43,40.56603773584906
RoadStar,Argentina,Feb 2016,102,59,43,41.74757281553398
RoadStar,Argentina,Mar 2016,105,63,42,39.62264150943396
RoadStar,UK,Jan 2016,36,2,34,91.89189189189189
RoadStar,UK,Feb 2016,37,4,33,86.84210526315789
RoadStar,UK,Mar 2016,42,1,41,95.34883720930233
RoadStar,France,Jan 2016,92,51,41,44.086021505376344
RoadStar,France,Feb 2016,89,48,41,45.55555555555556
RoadStar,France,Mar 2016,90,50,40,43.956043956043956
RoadStar,Germany,Jan 2016,89,49,40,44.44444444444444
RoadStar,Germany,Feb 2016,81,41,40,48.78048780487805
RoadStar,Germany,Mar 2016,87,48,39,44.31818181818182
RoadStar,Spain,Jan 2016,84,34,50,58.8235294117647
RoadStar,Spain,Feb 2016,79,29,50,62.5
RoadStar,Spain,Mar 2016,85,36,49,56.97674418604651
RoadStar,Italy,Jan 2016,111,61,50,44.642857142857146
RoadStar,Italy,Feb 2016,113,62,51,44.73684210526316
RoadStar,Italy,Mar 2016,106,55,51,47.66355140186916
RoadStar,China,Jan 2016,34,3,31,88.57142857142857
RoadStar,China,Feb 2016,40,4,36,87.8048780487805
RoadStar,China,Mar 2016,38,1,37,94.87179487179488
RoadStar,Japan,Jan 2016,75,40,35,46.05263157894737
RoadStar,Japan,Feb 2016,74,32,42,56
RoadStar,Japan,Mar 2016,79,26,53,66.25
RoadLiner,US,Jan 2016,16,14,2,11.764705882352942
RoadLiner,US,Feb 2016,20,18,2,9.523809523809524
RoadLiner,US,Mar 2016,17,16,1,5.555555555555555
RoadLiner,Canada,Jan 2016,83,74,9,10.714285714285714
RoadLiner,Canada,Feb 2016,86,76,10,11.494252873563218
RoadLiner,Canada,Mar 2016,79,70,9,11.25
RoadLiner,Brazil,Jan 2016,105,93,12,11.320754716981131
RoadLiner,Brazil,Feb 2016,104,92,12,11.428571428571429
RoadLiner,Brazil,Mar 2016,103,92,11,10.576923076923077
RoadLiner,Argentina,Jan 2016,62,55,7,11.11111111111111
RoadLiner,Argentina,Feb 2016,61,54,7,11.290322580645162
RoadLiner,Argentina,Mar 2016,63,56,7,10.9375
RoadLiner,UK,Jan 2016,38,34,4,10.256410256410257
RoadLiner,UK,Feb 2016,44,39,5,11.11111111111111
RoadLiner,UK,Mar 2016,37,33,4,10.526315789473685
RoadLiner,France,Jan 2016,53,47,6,11.11111111111111
RoadLiner,France,Feb 2016,55,49,6,10.714285714285714
RoadLiner,France,Mar 2016,58,52,6,10.169491525423728
RoadLiner,Germany,Jan 2016,64,57,7,10.76923076923077
RoadLiner,Germany,Feb 2016,67,60,7,10.294117647058824
RoadLiner,Germany,Mar 2016,69,62,7,10
RoadLiner,Spain,Jan 2016,81,72,9,10.975609756097562
RoadLiner,Spain,Feb 2016,72,62,10,13.698630136986301
RoadLiner,Spain,Mar 2016,76,68,8,10.38961038961039
RoadLiner,Italy,Jan 2016,43,38,5,11.363636363636363
RoadLiner,Italy,Feb 2016,45,40,5,10.869565217391305
RoadLiner,Italy,Mar 2016,45,41,4,8.695652173913043
RoadLiner,China,Jan 2016,64,57,7,10.76923076923077
RoadLiner,China,Feb 2016,60,53,7,11.475409836065573
RoadLiner,China,Mar 2016,64,57,7,10.76923076923077
RoadLiner,Japan,Jan 2016,28,25,3,10.344827586206897
RoadLiner,Japan,Feb 2016,24,21,3,12
RoadLiner,Japan,Mar 2016,22,19,3,13.043478260869565
Victory,US,Jan 2016,97,43,54,55.10204081632653
Victory,US,Feb 2016,100,46,54,53.46534653465346
Victory,US,Mar 2016,95,41,54,56.25
Victory,Canada,Jan 2016,86,38,48,55.172413793103445
Victory,Canada,Feb 2016,87,39,48,54.54545454545455
Victory,Canada,Mar 2016,87,21,66,75
Victory,Brazil,Jan 2016,73,15,58,78.37837837837837
Victory,Brazil,Feb 2016,65,7,58,87.87878787878788
Victory,Brazil,Mar 2016,69,1,68,97.14285714285714
Victory,Argentina,Jan 2016,30,4,26,83.87096774193549
Victory,Argentina,Feb 2016,22,0,22,100
Victory,Argentina,Mar 2016,21,0,21,100
Victory,UK,Jan 2016,36,2,34,91.89189189189189
Victory,UK,Feb 2016,42,4,38,88.37209302325581
Victory,UK,Mar 2016,38,1,37,94.87179487179488
Victory,France,Jan 2016,47,3,44,91.66666666666667
Victory,France,Feb 2016,53,5,48,88.88888888888889
Victory,France,Mar 2016,52,1,51,96.22641509433963
Victory,Germany,Jan 2016,75,17,58,76.3157894736842
Victory,Germany,Feb 2016,83,25,58,69.04761904761905
Victory,Germany,Mar 2016,77,19,58,74.35897435897436
Victory,Spain,Jan 2016,38,2,36,92.3076923076923
Victory,Spain,Feb 2016,40,4,36,87.8048780487805
Victory,Spain,Mar 2016,43,1,42,95.45454545454545
Victory,Italy,Jan 2016,87,36,51,57.95454545454545
Victory,Italy,Feb 2016,81,29,52,63.41463414634146
Victory,Italy,Mar 2016,88,37,51,57.30337078651685
Victory,China,Jan 2016,81,30,51,62.19512195121951
Victory,China,Feb 2016,74,23,51,68
Victory,China,Mar 2016,77,22,55,70.51282051282051
Victory,Japan,Jan 2016,13,2,11,78.57142857142857
Victory,Japan,Feb 2016,10,0,10,100
Victory,Japan,Mar 2016,18,0,18,100
Boulevard,US,Jan 2016,84,75,9,10.588235294117647
Boulevard,US,Feb 2016,92,82,10,10.75268817204301
Boulevard,US,Mar 2016,93,84,9,9.574468085106384
Boulevard,Canada,Jan 2016,50,44,6,11.764705882352942
Boulevard,Canada,Feb 2016,54,49,5,9.090909090909092
Boulevard,Canada,Mar 2016,53,47,6,11.11111111111111
Boulevard,Brazil,Jan 2016,10,9,1,9.090909090909092
Boulevard,Brazil,Feb 2016,5,4,1,16.666666666666668
Boulevard,Brazil,Mar 2016,9,8,1,10
Boulevard,Argentina,Jan 2016,37,33,4,10.526315789473685
Boulevard,Argentina,Feb 2016,37,33,4,10.526315789473685
Boulevard,Argentina,Mar 2016,39,35,4,10
Boulevard,UK,Jan 2016,38,34,4,10.256410256410257
Boulevard,UK,Feb 2016,38,33,5,12.820512820512821
Boulevard,UK,Mar 2016,40,36,4,9.75609756097561
Boulevard,France,Jan 2016,26,23,3,11.11111111111111
Boulevard,France,Feb 2016,28,25,3,10.344827586206897
Boulevard,France,Mar 2016,33,30,3,8.823529411764707
Boulevard,Germany,Jan 2016,4,4,0,0
Boulevard,Germany,Feb 2016,12,11,1,7.6923076923076925
Boulevard,Germany,Mar 2016,12,12,0,0
Boulevard,Spain,Jan 2016,101,90,11,10.784313725490197
Boulevard,Spain,Feb 2016,95,83,12,12.5
Boulevard,Spain,Mar 2016,102,91,11,10.679611650485437
Boulevard,Italy,Jan 2016,77,68,9,11.538461538461538
Boulevard,Italy,Feb 2016,83,74,9,10.714285714285714
Boulevard,Italy,Mar 2016,84,76,8,9.411764705882353
Boulevard,China,Jan 2016,100,89,11,10.891089108910892
Boulevard,China,Feb 2016,93,82,11,11.702127659574469
Boulevard,China,Mar 2016,98,87,11,11.11111111111111
Boulevard,Japan,Jan 2016,82,73,9,10.843373493975903
Boulevard,Japan,Feb 2016,81,72,9,10.975609756097562
Boulevard,Japan,Mar 2016,74,65,9,12
KingTwin,US,Jan 2016,36,2,34,91.89189189189189
KingTwin,US,Feb 2016,40,4,36,87.8048780487805
KingTwin,US,Mar 2016,40,1,39,95.1219512195122
KingTwin,Canada,Jan 2016,52,8,44,83.01886792452831
KingTwin,Canada,Feb 2016,58,10,48,81.35593220338983
KingTwin,Canada,Mar 2016,55,1,54,96.42857142857143
KingTwin,Brazil,Jan 2016,22,2,20,86.95652173913044
KingTwin,Brazil,Feb 2016,27,3,24,85.71428571428571
KingTwin,Brazil,Mar 2016,29,1,28,93.33333333333333
KingTwin,Argentina,Jan 2016,83,40,43,51.19047619047619
KingTwin,Argentina,Feb 2016,92,49,43,46.236559139784944
KingTwin,Argentina,Mar 2016,92,50,42,45.16129032258065
KingTwin,UK,Jan 2016,81,37,44,53.65853658536585
KingTwin,UK,Feb 2016,87,43,44,50
KingTwin,UK,Mar 2016,94,41,53,55.78947368421053
KingTwin,France,Jan 2016,95,53,42,43.75
KingTwin,France,Feb 2016,101,49,52,50.98039215686274
KingTwin,France,Mar 2016,102,50,52,50.48543689320388
KingTwin,Germany,Jan 2016,118,64,54,45.378151260504204
KingTwin,Germany,Feb 2016,116,62,54,46.15384615384615
KingTwin,Germany,Mar 2016,118,64,54,45.378151260504204
KingTwin,Spain,Jan 2016,86,46,40,45.97701149425287
KingTwin,Spain,Feb 2016,95,54,41,42.708333333333336
KingTwin,Spain,Mar 2016,95,48,47,48.958333333333336
KingTwin,Italy,Jan 2016,66,23,43,64.17910447761194
KingTwin,Italy,Feb 2016,65,22,43,65.15151515151516
KingTwin,Italy,Mar 2016,67,13,54,79.41176470588235
KingTwin,China,Jan 2016,77,35,42,53.84615384615385
KingTwin,China,Feb 2016,80,38,42,51.851851851851855
KingTwin,China,Mar 2016,81,34,47,57.31707317073171
KingTwin,Japan,Jan 2016,45,4,41,89.1304347826087
KingTwin,Japan,Feb 2016,49,8,41,82
KingTwin,Japan,Mar 2016,54,1,53,96.36363636363636
MegaTwin,US,Jan 2016,66,59,7,10.447761194029852
MegaTwin,US,Feb 2016,71,63,8,11.11111111111111
MegaTwin,US,Mar 2016,75,68,7,9.210526315789474
MegaTwin,Canada,Jan 2016,28,25,3,10.344827586206897
MegaTwin,Canada,Feb 2016,35,32,3,8.333333333333334
MegaTwin,Canada,Mar 2016,34,31,3,8.571428571428571
MegaTwin,Brazil,Jan 2016,80,71,9,11.11111111111111
MegaTwin,Brazil,Feb 2016,78,68,10,12.658227848101266
MegaTwin,Brazil,Mar 2016,77,69,8,10.256410256410257
MegaTwin,Argentina,Jan 2016,88,78,10,11.235955056179776
MegaTwin,Argentina,Feb 2016,89,79,10,11.11111111111111
MegaTwin,Argentina,Mar 2016,97,88,9,9.183673469387756
MegaTwin,UK,Jan 2016,34,30,4,11.428571428571429
MegaTwin,UK,Feb 2016,38,34,4,10.256410256410257
MegaTwin,UK,Mar 2016,35,32,3,8.333333333333334
MegaTwin,France,Jan 2016,89,79,10,11.11111111111111
MegaTwin,France,Feb 2016,94,84,10,10.526315789473685
MegaTwin,France,Mar 2016,104,94,10,9.523809523809524
MegaTwin,Germany,Jan 2016,35,31,4,11.11111111111111
MegaTwin,Germany,Feb 2016,33,29,4,11.764705882352942
MegaTwin,Germany,Mar 2016,30,26,4,12.903225806451612
MegaTwin,Spain,Jan 2016,27,24,3,10.714285714285714
MegaTwin,Spain,Feb 2016,31,28,3,9.375
MegaTwin,Spain,Mar 2016,32,29,3,9.090909090909092
MegaTwin,Italy,Jan 2016,88,78,10,11.235955056179776
MegaTwin,Italy,Feb 2016,92,82,10,10.75268817204301
MegaTwin,Italy,Mar 2016,90,81,9,9.89010989010989
MegaTwin,China,Jan 2016,0,0,0,100
MegaTwin,China,Feb 2016,9,9,0,0
MegaTwin,China,Mar 2016,7,7,0,0
MegaTwin,Japan,Jan 2016,57,51,6,10.344827586206897
MegaTwin,Japan,Feb 2016,61,54,7,11.290322580645162
MegaTwin,Japan,Mar 2016,56,50,6,10.526315789473685
ST900,US,Jan 2016,43,5,38,86.36363636363636
ST900,US,Feb 2016,40,2,38,92.6829268292683
ST900,US,Mar 2016,40,1,39,95.1219512195122
ST900,Canada,Jan 2016,9,2,7,70
ST900,Canada,Feb 2016,7,0,7,100
ST900,Canada,Mar 2016,5,0,5,100
ST900,Brazil,Jan 2016,19,3,16,80
ST900,Brazil,Feb 2016,17,1,16,88.88888888888889
ST900,Brazil,Mar 2016,20,0,20,100
ST900,Argentina,Jan 2016,76,25,51,66.23376623376623
ST900,Argentina,Feb 2016,79,27,52,65
ST900,Argentina,Mar 2016,72,21,51,69.86301369863014
ST900,UK,Jan 2016,41,2,39,92.85714285714286
ST900,UK,Feb 2016,45,5,40,86.95652173913044
ST900,UK,Mar 2016,46,1,45,95.74468085106383
ST900,France,Jan 2016,64,9,55,84.61538461538461
ST900,France,Feb 2016,59,3,56,93.33333333333333
ST900,France,Mar 2016,58,1,57,96.61016949152543
ST900,Germany,Jan 2016,39,3,36,90
ST900,Germany,Feb 2016,46,5,41,87.23404255319149
ST900,Germany,Mar 2016,43,1,42,95.45454545454545
ST900,Spain,Jan 2016,42,4,38,88.37209302325581
ST900,Spain,Feb 2016,42,3,39,90.69767441860465
ST900,Spain,Mar 2016,44,1,43,95.55555555555556
ST900,Italy,Jan 2016,53,5,48,88.88888888888889
ST900,Italy,Feb 2016,52,3,49,92.45283018867924
ST900,Italy,Mar 2016,56,1,55,96.49122807017544
ST900,China,Jan 2016,55,8,47,83.92857142857143
ST900,China,Feb 2016,49,2,47,94
ST900,China,Mar 2016,45,0,45,100
ST900,Japan,Jan 2016,45,3,42,91.30434782608695
ST900,Japan,Feb 2016,48,6,42,85.71428571428571
ST900,Japan,Mar 2016,41,0,41,100
ST1200,US,Jan 2016,58,52,6,10.169491525423728
ST1200,US,Feb 2016,62,55,7,11.11111111111111
ST1200,US,Mar 2016,64,58,6,9.23076923076923
ST1200,Canada,Jan 2016,13,11,2,14.285714285714286
ST1200,Canada,Feb 2016,16,14,2,11.764705882352942
ST1200,Canada,Mar 2016,10,7,3,27.272727272727273
ST1200,Brazil,Jan 2016,58,52,6,10.169491525423728
ST1200,Brazil,Feb 2016,60,53,7,11.475409836065573
ST1200,Brazil,Mar 2016,53,47,6,11.11111111111111
ST1200,Argentina,Jan 2016,86,76,10,11.494252873563218
ST1200,Argentina,Feb 2016,91,81,10,10.869565217391305
ST1200,Argentina,Mar 2016,91,82,9,9.782608695652174
ST1200,UK,Jan 2016,93,83,10,10.638297872340425
ST1200,UK,Feb 2016,101,90,11,10.784313725490197
ST1200,UK,Mar 2016,95,85,10,10.416666666666666
ST1200,France,Jan 2016,81,72,9,10.975609756097562
ST1200,France,Feb 2016,81,72,9,10.975609756097562
ST1200,France,Mar 2016,82,73,9,10.843373493975903
ST1200,Germany,Jan 2016,27,23,4,14.285714285714286
ST1200,Germany,Feb 2016,23,19,4,16.666666666666668
ST1200,Germany,Mar 2016,22,18,4,17.391304347826086
ST1200,Spain,Jan 2016,95,84,11,11.458333333333334
ST1200,Spain,Feb 2016,89,78,11,12.222222222222221
ST1200,Spain,Mar 2016,95,85,10,10.416666666666666
ST1200,Italy,Jan 2016,67,59,8,11.764705882352942
ST1200,Italy,Feb 2016,66,57,9,13.432835820895523
ST1200,Italy,Mar 2016,68,60,8,11.594202898550725
ST1200,China,Jan 2016,99,88,11,11
ST1200,China,Feb 2016,100,89,11,10.891089108910892
ST1200,China,Mar 2016,100,89,11,10.891089108910892
ST1200,Japan,Jan 2016,98,87,11,11.11111111111111
ST1200,Japan,Feb 2016,99,88,11,11
ST1200,Japan,Mar 2016,107,96,11,10.185185185185185
ST1200R,US,Jan 2016,76,68,8,10.38961038961039
ST1200R,US,Feb 2016,73,64,9,12.162162162162161
ST1200R,US,Mar 2016,79,71,8,10
ST1200R,Canada,Jan 2016,67,60,7,10.294117647058824
ST1200R,Canada,Feb 2016,75,67,8,10.526315789473685
ST1200R,Canada,Mar 2016,77,70,7,8.974358974358974
ST1200R,Brazil,Jan 2016,15,14,1,6.25
ST1200R,Brazil,Feb 2016,14,12,2,13.333333333333334
ST1200R,Brazil,Mar 2016,18,16,2,10.526315789473685
ST1200R,Argentina,Jan 2016,47,42,5,10.416666666666666
ST1200R,Argentina,Feb 2016,47,41,6,12.5
ST1200R,Argentina,Mar 2016,54,49,5,9.090909090909092
ST1200R,UK,Jan 2016,108,96,12,11.009174311926605
ST1200R,UK,Feb 2016,110,98,12,10.81081081081081
ST1200R,UK,Mar 2016,113,101,12,10.526315789473685
ST1200R,France,Jan 2016,69,61,8,11.428571428571429
ST1200R,France,Feb 2016,68,61,7,10.144927536231885
ST1200R,France,Mar 2016,69,61,8,11.428571428571429
ST1200R,Germany,Jan 2016,32,28,4,12.121212121212121
ST1200R,Germany,Feb 2016,27,23,4,14.285714285714286
ST1200R,Germany,Mar 2016,27,24,3,10.714285714285714
ST1200R,Spain,Jan 2016,47,42,5,10.416666666666666
ST1200R,Spain,Feb 2016,54,48,6,10.909090909090908
ST1200R,Spain,Mar 2016,58,53,5,8.474576271186441
ST1200R,Italy,Jan 2016,9,8,1,10
ST1200R,Italy,Feb 2016,7,6,1,12.5
ST1200R,Italy,Mar 2016,6,5,1,14.285714285714286
ST1200R,China,Jan 2016,86,76,10,11.494252873563218
ST1200R,China,Feb 2016,88,78,10,11.235955056179776
ST1200R,China,Mar 2016,85,76,9,10.465116279069768
ST1200R,Japan,Jan 2016,53,47,6,11.11111111111111
ST1200R,Japan,Feb 2016,47,41,6,12.5
ST1200R,Japan,Mar 2016,52,46,6,11.320754716981131
Bandit 900,US,Jan 2016,55,8,47,83.92857142857143
Bandit 900,US,Feb 2016,48,1,47,95.91836734693878
Bandit 900,US,Mar 2016,54,1,53,96.36363636363636
Bandit 900,Canada,Jan 2016,60,5,55,90.1639344262295
Bandit 900,Canada,Feb 2016,60,5,55,90.1639344262295
Bandit 900,Canada,Mar 2016,64,1,63,96.92307692307692
Bandit 900,Brazil,Jan 2016,106,35,71,66.35514018691589
Bandit 900,Brazil,Feb 2016,111,40,71,63.392857142857146
Bandit 900,Brazil,Mar 2016,107,35,72,66.66666666666667
Bandit 900,Argentina,Jan 2016,66,4,62,92.53731343283582
Bandit 900,Argentina,Feb 2016,75,8,67,88.15789473684211
Bandit 900,Argentina,Mar 2016,71,1,70,97.22222222222223
Bandit 900,UK,Jan 2016,107,35,72,66.66666666666667
Bandit 900,UK,Feb 2016,112,40,72,63.716814159292035
Bandit 900,UK,Mar 2016,107,35,72,66.66666666666667
Bandit 900,France,Jan 2016,101,22,79,77.45098039215686
Bandit 900,France,Feb 2016,103,24,79,75.96153846153847
Bandit 900,France,Mar 2016,109,18,91,82.72727272727273
Bandit 900,Germany,Jan 2016,27,2,25,89.28571428571429
Bandit 900,Germany,Feb 2016,28,3,25,86.20689655172414
Bandit 900,Germany,Mar 2016,27,1,26,92.85714285714286
Bandit 900,Spain,Jan 2016,47,4,43,89.58333333333333
Bandit 900,Spain,Feb 2016,47,4,43,89.58333333333333
Bandit 900,Spain,Mar 2016,48,1,47,95.91836734693878
Bandit 900,Italy,Jan 2016,109,34,75,68.18181818181819
Bandit 900,Italy,Feb 2016,104,20,84,80
Bandit 900,Italy,Mar 2016,107,24,83,76.85185185185185
Bandit 900,China,Jan 2016,55,6,49,87.5
Bandit 900,China,Feb 2016,51,3,48,92.3076923076923
Bandit 900,China,Mar 2016,55,1,54,96.42857142857143
Bandit 900,Japan,Jan 2016,52,4,48,90.56603773584905
Bandit 900,Japan,Feb 2016,61,6,55,88.70967741935483
Bandit 900,Japan,Mar 2016,57,1,56,96.55172413793103
Bandit 1200,US,Jan 2016,97,58,39,39.795918367346935
Bandit 1200,US,Feb 2016,100,45,55,54.45544554455446
Bandit 1200,US,Mar 2016,95,35,60,62.5
Bandit 1200,Canada,Jan 2016,62,22,40,63.492063492063494
Bandit 1200,Canada,Feb 2016,64,23,41,63.07692307692308
Bandit 1200,Canada,Mar 2016,67,7,60,88.23529411764706
Bandit 1200,Brazil,Jan 2016,66,28,38,56.71641791044776
Bandit 1200,Brazil,Feb 2016,72,33,39,53.42465753424658
Bandit 1200,Brazil,Mar 2016,68,13,55,79.71014492753623
Bandit 1200,Argentina,Jan 2016,83,33,50,59.523809523809526
Bandit 1200,Argentina,Feb 2016,90,40,50,54.94505494505494
Bandit 1200,Argentina,Mar 2016,93,44,49,52.12765957446808
Bandit 1200,UK,Jan 2016,115,66,49,42.241379310344826
Bandit 1200,UK,Feb 2016,109,58,51,46.36363636363637
Bandit 1200,UK,Mar 2016,117,63,54,45.76271186440678
Bandit 1200,France,Jan 2016,22,3,19,82.6086956521739
Bandit 1200,France,Feb 2016,20,1,19,90.47619047619048
Bandit 1200,France,Mar 2016,26,1,25,92.5925925925926
Bandit 1200,Germany,Jan 2016,56,15,41,71.9298245614035
Bandit 1200,Germany,Feb 2016,58,10,48,81.35593220338983
Bandit 1200,Germany,Mar 2016,58,4,54,91.52542372881356
Bandit 1200,Spain,Jan 2016,108,51,57,52.293577981651374
Bandit 1200,Spain,Feb 2016,115,58,57,49.13793103448276
Bandit 1200,Spain,Mar 2016,111,55,56,50
Bandit 1200,Italy,Jan 2016,36,3,33,89.1891891891892
Bandit 1200,Italy,Feb 2016,34,2,32,91.42857142857143
Bandit 1200,Italy,Mar 2016,34,1,33,94.28571428571429
Bandit 1200,China,Jan 2016,101,46,55,53.92156862745098
Bandit 1200,China,Feb 2016,104,44,60,57.142857142857146
Bandit 1200,China,Mar 2016,102,43,59,57.28155339805825
Bandit 1200,Japan,Jan 2016,32,4,28,84.84848484848484
Bandit 1200,Japan,Feb 2016,28,1,27,93.10344827586206
Bandit 1200,Japan,Mar 2016,35,1,34,94.44444444444444
Bandit 1200S,US,Jan 2016,59,53,6,10
Bandit 1200S,US,Feb 2016,56,49,7,12.280701754385966
Bandit 1200S,US,Mar 2016,59,52,7,11.666666666666666
Bandit 1200S,Canada,Jan 2016,64,58,6,9.23076923076923
Bandit 1200S,Canada,Feb 2016,66,59,7,10.447761194029852
Bandit 1200S,Canada,Mar 2016,64,56,8,12.307692307692308
Bandit 1200S,Brazil,Jan 2016,31,27,4,12.5
Bandit 1200S,Brazil,Feb 2016,36,30,6,16.216216216216218
Bandit 1200S,Brazil,Mar 2016,34,28,6,17.142857142857142
Bandit 1200S,Argentina,Jan 2016,90,81,9,9.89010989010989
Bandit 1200S,Argentina,Feb 2016,96,86,10,10.309278350515465
Bandit 1200S,Argentina,Mar 2016,99,88,11,11
Bandit 1200S,UK,Jan 2016,69,62,7,10
Bandit 1200S,UK,Feb 2016,63,55,8,12.5
Bandit 1200S,UK,Mar 2016,68,60,8,11.594202898550725
Bandit 1200S,France,Jan 2016,99,89,10,10
Bandit 1200S,France,Feb 2016,100,88,12,11.881188118811881
Bandit 1200S,France,Mar 2016,104,93,11,10.476190476190476
Bandit 1200S,Germany,Jan 2016,58,53,5,8.474576271186441
Bandit 1200S,Germany,Feb 2016,59,52,7,11.666666666666666
Bandit 1200S,Germany,Mar 2016,53,46,7,12.962962962962964
Bandit 1200S,Spain,Jan 2016,11,9,2,16.666666666666668
Bandit 1200S,Spain,Feb 2016,11,9,2,16.666666666666668
Bandit 1200S,Spain,Mar 2016,9,5,4,40
Bandit 1200S,Italy,Jan 2016,26,24,2,7.407407407407407
Bandit 1200S,Italy,Feb 2016,24,20,4,16
Bandit 1200S,Italy,Mar 2016,23,20,3,12.5
Bandit 1200S,China,Jan 2016,80,71,9,11.11111111111111
Bandit 1200S,China,Feb 2016,89,80,9,10
Bandit 1200S,China,Mar 2016,84,75,9,10.588235294117647
Bandit 1200S,Japan,Jan 2016,89,80,9,10
Bandit 1200S,Japan,Feb 2016,90,79,11,12.087912087912088
Bandit 1200S,Japan,Mar 2016,94,84,10,10.526315789473685
Enduro 350,US,Jan 2016,62,17,45,71.42857142857143
Enduro 350,US,Feb 2016,59,10,49,81.66666666666667
Enduro 350,US,Mar 2016,60,11,49,80.32786885245902
Enduro 350,Canada,Jan 2016,3,0,3,100
Enduro 350,Canada,Feb 2016,4,0,4,100
Enduro 350,Canada,Mar 2016,5,0,5,100
Enduro 350,Brazil,Jan 2016,26,1,25,92.5925925925926
Enduro 350,Brazil,Feb 2016,29,3,26,86.66666666666667
Enduro 350,Brazil,Mar 2016,21,0,21,100
Enduro 350,Argentina,Jan 2016,77,32,45,57.69230769230769
Enduro 350,Argentina,Feb 2016,70,18,52,73.2394366197183
Enduro 350,Argentina,Mar 2016,73,21,52,70.27027027027027
Enduro 350,UK,Jan 2016,10,1,9,81.81818181818181
Enduro 350,UK,Feb 2016,19,2,17,85
Enduro 350,UK,Mar 2016,17,0,17,100
Enduro 350,France,Jan 2016,108,59,49,44.95412844036697
Enduro 350,France,Feb 2016,106,48,58,54.205607476635514
Enduro 350,France,Mar 2016,102,43,59,57.28155339805825
Enduro 350,Germany,Jan 2016,10,1,9,81.81818181818181
Enduro 350,Germany,Feb 2016,10,1,9,81.81818181818181
Enduro 350,Germany,Mar 2016,13,0,13,100
Enduro 350,Spain,Jan 2016,98,52,46,46.464646464646464
Enduro 350,Spain,Feb 2016,95,49,46,47.916666666666664
Enduro 350,Spain,Mar 2016,93,29,64,68.08510638297872
Enduro 350,Italy,Jan 2016,4,1,3,60
Enduro 350,Italy,Feb 2016,13,1,12,85.71428571428571
Enduro 350,Italy,Mar 2016,5,0,5,100
Enduro 350,China,Jan 2016,94,44,50,52.63157894736842
Enduro 350,China,Feb 2016,93,43,50,53.191489361702125
Enduro 350,China,Mar 2016,88,38,50,56.17977528089887
Enduro 350,Japan,Jan 2016,79,24,55,68.75
Enduro 350,Japan,Feb 2016,74,19,55,73.33333333333333
Enduro 350,Japan,Mar 2016,78,21,57,72.15189873417721
Enduro 450,US,Jan 2016,58,4,54,91.52542372881356
Enduro 450,US,Feb 2016,66,7,59,88.05970149253731
Enduro 450,US,Mar 2016,66,1,65,97.01492537313433
Enduro 450,Canada,Jan 2016,28,3,25,86.20689655172414
Enduro 450,Canada,Feb 2016,27,2,25,89.28571428571429
Enduro 450,Canada,Mar 2016,28,1,27,93.10344827586206
Enduro 450,Brazil,Jan 2016,67,10,57,83.82352941176471
Enduro 450,Brazil,Feb 2016,69,12,57,81.42857142857143
Enduro 450,Brazil,Mar 2016,70,13,57,80.28169014084507
Enduro 450,Argentina,Jan 2016,17,3,14,77.77777777777777
Enduro 450,Argentina,Feb 2016,15,0,15,100
Enduro 450,Argentina,Mar 2016,16,0,16,100
Enduro 450,UK,Jan 2016,60,5,55,90.1639344262295
Enduro 450,UK,Feb 2016,61,5,56,90.3225806451613
Enduro 450,UK,Mar 2016,66,1,65,97.01492537313433
Enduro 450,France,Jan 2016,71,6,65,90.27777777777777
Enduro 450,France,Feb 2016,69,5,64,91.42857142857143
Enduro 450,France,Mar 2016,73,1,72,97.29729729729729
Enduro 450,Germany,Jan 2016,102,36,66,64.07766990291262
Enduro 450,Germany,Feb 2016,103,37,66,63.46153846153846
Enduro 450,Germany,Mar 2016,108,42,66,60.55045871559633
Enduro 450,Spain,Jan 2016,38,2,36,92.3076923076923
Enduro 450,Spain,Feb 2016,40,4,36,87.8048780487805
Enduro 450,Spain,Mar 2016,44,1,43,95.55555555555556
Enduro 450,Italy,Jan 2016,36,2,34,91.89189189189189
Enduro 450,Italy,Feb 2016,41,4,37,88.0952380952381
Enduro 450,Italy,Mar 2016,41,1,40,95.23809523809524
Enduro 450,China,Jan 2016,52,4,48,90.56603773584905
Enduro 450,China,Feb 2016,56,6,50,87.71929824561404
Enduro 450,China,Mar 2016,55,1,54,96.42857142857143
Enduro 450,Japan,Jan 2016,75,12,63,82.89473684210526
Enduro 450,Japan,Feb 2016,71,7,64,88.88888888888889
Enduro 450,Japan,Mar 2016,68,1,67,97.10144927536231
Enduro 550,US,Jan 2016,90,80,10,10.989010989010989
Enduro 550,US,Feb 2016,92,82,10,10.75268817204301
Enduro 550,US,Mar 2016,100,90,10,9.900990099009901
Enduro 550,Canada,Jan 2016,63,56,7,10.9375
Enduro 550,Canada,Feb 2016,68,61,7,10.144927536231885
Enduro 550,Canada,Mar 2016,66,59,7,10.447761194029852
Enduro 550,Brazil,Jan 2016,25,22,3,11.538461538461538
Enduro 550,Brazil,Feb 2016,18,15,3,15.789473684210526
Enduro 550,Brazil,Mar 2016,18,16,2,10.526315789473685
Enduro 550,Argentina,Jan 2016,56,50,6,10.526315789473685
Enduro 550,Argentina,Feb 2016,58,51,7,11.864406779661017
Enduro 550,Argentina,Mar 2016,56,50,6,10.526315789473685
Enduro 550,UK,Jan 2016,50,44,6,11.764705882352942
Enduro 550,UK,Feb 2016,52,46,6,11.320754716981131
Enduro 550,UK,Mar 2016,53,48,5,9.25925925925926
Enduro 550,France,Jan 2016,40,36,4,9.75609756097561
Enduro 550,France,Feb 2016,40,35,5,12.195121951219512
Enduro 550,France,Mar 2016,39,35,4,10
Enduro 550,Germany,Jan 2016,89,79,10,11.11111111111111
Enduro 550,Germany,Feb 2016,91,81,10,10.869565217391305
Enduro 550,Germany,Mar 2016,97,87,10,10.204081632653061
Enduro 550,Spain,Jan 2016,57,51,6,10.344827586206897
Enduro 550,Spain,Feb 2016,63,56,7,10.9375
Enduro 550,Spain,Mar 2016,65,59,6,9.090909090909092
Enduro 550,Italy,Jan 2016,95,84,11,11.458333333333334
Enduro 550,Italy,Feb 2016,99,88,11,11
Enduro 550,Italy,Mar 2016,106,96,10,9.345794392523365
Enduro 550,China,Jan 2016,103,92,11,10.576923076923077
Enduro 550,China,Feb 2016,103,91,12,11.538461538461538
Enduro 550,China,Mar 2016,109,98,11,10
Enduro 550,Japan,Jan 2016,84,75,9,10.588235294117647
Enduro 550,Japan,Feb 2016,86,76,10,11.494252873563218
Enduro 550,Japan,Mar 2016,85,76,9,10.465116279069768
CRX500,US,Jan 2016,61,4,57,91.93548387096774
CRX500,US,Feb 2016,65,7,58,87.87878787878788
CRX500,US,Mar 2016,66,1,65,97.01492537313433
CRX500,Canada,Jan 2016,26,1,25,92.5925925925926
CRX500,Canada,Feb 2016,29,3,26,86.66666666666667
CRX500,Canada,Mar 2016,22,0,22,100
CRX500,Brazil,Jan 2016,72,7,65,89.04109589041096
CRX500,Brazil,Feb 2016,70,5,65,91.54929577464789
CRX500,Brazil,Mar 2016,73,1,72,97.29729729729729
CRX500,Argentina,Jan 2016,88,10,78,87.64044943820225
CRX500,Argentina,Feb 2016,83,4,79,94.04761904761905
CRX500,Argentina,Mar 2016,81,2,79,96.34146341463415
CRX500,UK,Jan 2016,82,8,74,89.1566265060241
CRX500,UK,Feb 2016,80,6,74,91.35802469135803
CRX500,UK,Mar 2016,83,2,81,96.42857142857143
CRX500,France,Jan 2016,64,6,58,89.23076923076923
CRX500,France,Feb 2016,63,5,58,90.625
CRX500,France,Mar 2016,64,1,63,96.92307692307692
CRX500,Germany,Jan 2016,60,7,53,86.88524590163935
CRX500,Germany,Feb 2016,57,3,54,93.10344827586206
CRX500,Germany,Mar 2016,54,1,53,96.36363636363636
CRX500,Spain,Jan 2016,54,4,50,90.9090909090909
CRX500,Spain,Feb 2016,57,6,51,87.93103448275862
CRX500,Spain,Mar 2016,54,1,53,96.36363636363636
CRX500,Italy,Jan 2016,104,8,96,91.42857142857143
CRX500,Italy,Feb 2016,107,10,97,89.81481481481481
CRX500,Italy,Mar 2016,100,2,98,97.02970297029702
CRX500,China,Jan 2016,50,7,43,84.31372549019608
CRX500,China,Feb 2016,43,0,43,100
CRX500,China,Mar 2016,50,1,49,96.07843137254902
CRX500,Japan,Jan 2016,87,8,79,89.77272727272727
CRX500,Japan,Feb 2016,87,8,79,89.77272727272727
CRX500,Japan,Mar 2016,79,1,78,97.5
CRS550,US,Jan 2016,96,66,30,30.927835051546392
CRS550,US,Feb 2016,93,63,30,31.914893617021278
CRS550,US,Mar 2016,97,67,30,30.612244897959183
CRS550,Canada,Jan 2016,77,43,34,43.58974358974359
CRS550,Canada,Feb 2016,70,36,34,47.88732394366197
CRS550,Canada,Mar 2016,78,42,36,45.56962025316456
CRS550,Brazil,Jan 2016,109,84,25,22.727272727272727
CRS550,Brazil,Feb 2016,112,87,25,22.123893805309734
CRS550,Brazil,Mar 2016,110,71,39,35.13513513513514
CRS550,Argentina,Jan 2016,110,70,40,36.03603603603604
CRS550,Argentina,Feb 2016,112,72,40,35.39823008849557
CRS550,Argentina,Mar 2016,105,65,40,37.735849056603776
CRS550,UK,Jan 2016,110,66,44,39.63963963963964
CRS550,UK,Feb 2016,106,62,44,41.12149532710281
CRS550,UK,Mar 2016,112,68,44,38.93805309734513
CRS550,France,Jan 2016,67,40,27,39.705882352941174
CRS550,France,Feb 2016,68,41,27,39.130434782608695
CRS550,France,Mar 2016,67,38,29,42.64705882352941
CRS550,Germany,Jan 2016,61,37,24,38.70967741935484
CRS550,Germany,Feb 2016,66,42,24,35.82089552238806
CRS550,Germany,Mar 2016,62,24,38,60.317460317460316
CRS550,Spain,Jan 2016,64,35,29,44.61538461538461
CRS550,Spain,Feb 2016,66,36,30,44.776119402985074
CRS550,Spain,Mar 2016,64,26,38,58.46153846153846
CRS550,Italy,Jan 2016,70,45,25,35.2112676056338
CRS550,Italy,Feb 2016,62,19,43,68.25396825396825
CRS550,Italy,Mar 2016,66,24,42,62.6865671641791
CRS550,China,Jan 2016,23,2,21,87.5
CRS550,China,Feb 2016,22,1,21,91.30434782608695
CRS550,China,Mar 2016,26,1,25,92.5925925925926
CRS550,Japan,Jan 2016,22,4,18,78.26086956521739
CRS550,Japan,Feb 2016,16,0,16,100
CRS550,Japan,Mar 2016,15,0,15,100
CRX600,US,Jan 2016,66,35,31,46.26865671641791
CRX600,US,Feb 2016,66,35,31,46.26865671641791
CRX600,US,Mar 2016,63,30,33,51.5625
CRX600,Canada,Jan 2016,10,1,9,81.81818181818181
CRX600,Canada,Feb 2016,3,0,3,100
CRX600,Canada,Mar 2016,7,0,7,100
CRX600,Brazil,Jan 2016,104,72,32,30.476190476190474
CRX600,Brazil,Feb 2016,110,77,33,29.72972972972973
CRX600,Brazil,Mar 2016,105,73,32,30.18867924528302
CRX600,Argentina,Jan 2016,48,21,27,55.10204081632653
CRX600,Argentina,Feb 2016,41,13,28,66.66666666666667
CRX600,Argentina,Mar 2016,42,15,27,62.7906976744186
CRX600,UK,Jan 2016,40,15,25,60.97560975609756
CRX600,UK,Feb 2016,40,15,25,60.97560975609756
CRX600,UK,Mar 2016,37,13,24,63.1578947368421
CRX600,France,Jan 2016,54,29,25,45.45454545454545
CRX600,France,Feb 2016,52,22,30,56.60377358490566
CRX600,France,Mar 2016,56,21,35,61.40350877192982
CRX600,Germany,Jan 2016,17,1,16,88.88888888888889
CRX600,Germany,Feb 2016,22,2,20,86.95652173913044
CRX600,Germany,Mar 2016,20,0,20,100
CRX600,Spain,Jan 2016,49,18,31,62
CRX600,Spain,Feb 2016,52,21,31,58.490566037735846
CRX600,Spain,Mar 2016,48,18,30,61.224489795918366
CRX600,Italy,Jan 2016,69,37,32,45.714285714285715
CRX600,Italy,Feb 2016,73,41,32,43.24324324324324
CRX600,Italy,Mar 2016,73,42,31,41.891891891891895
CRX600,China,Jan 2016,72,46,26,35.61643835616438
CRX600,China,Feb 2016,76,50,26,33.76623376623377
CRX600,China,Mar 2016,78,47,31,39.24050632911393
CRX600,Japan,Jan 2016,76,42,34,44.15584415584416
CRX600,Japan,Feb 2016,77,42,35,44.87179487179487
CRX600,Japan,Mar 2016,74,40,34,45.333333333333336
CRX650,US,Jan 2016,42,37,5,11.627906976744185
CRX650,US,Feb 2016,42,37,5,11.627906976744185
CRX650,US,Mar 2016,45,41,4,8.695652173913043
CRX650,Canada,Jan 2016,63,56,7,10.9375
CRX650,Canada,Feb 2016,65,58,7,10.606060606060606
CRX650,Canada,Mar 2016,70,63,7,9.859154929577464
CRX650,Brazil,Jan 2016,100,89,11,10.891089108910892
CRX650,Brazil,Feb 2016,107,96,11,10.185185185185185
CRX650,Brazil,Mar 2016,105,94,11,10.377358490566039
CRX650,Argentina,Jan 2016,62,55,7,11.11111111111111
CRX650,Argentina,Feb 2016,58,51,7,11.864406779661017
CRX650,Argentina,Mar 2016,63,56,7,10.9375
CRX650,UK,Jan 2016,101,90,11,10.784313725490197
CRX650,UK,Feb 2016,97,86,11,11.224489795918368
CRX650,UK,Mar 2016,102,90,12,11.650485436893204
CRX650,France,Jan 2016,52,46,6,11.320754716981131
CRX650,France,Feb 2016,55,49,6,10.714285714285714
CRX650,France,Mar 2016,61,56,5,8.064516129032258
CRX650,Germany,Jan 2016,37,33,4,10.526315789473685
CRX650,Germany,Feb 2016,42,38,4,9.30232558139535
CRX650,Germany,Mar 2016,37,33,4,10.526315789473685
CRX650,Spain,Jan 2016,98,87,11,11.11111111111111
CRX650,Spain,Feb 2016,95,84,11,11.458333333333334
CRX650,Spain,Mar 2016,98,87,11,11.11111111111111
CRX650,Italy,Jan 2016,69,61,8,11.428571428571429
CRX650,Italy,Feb 2016,71,63,8,11.11111111111111
CRX650,Italy,Mar 2016,69,62,7,10
CRX650,China,Jan 2016,41,36,5,11.904761904761905
CRX650,China,Feb 2016,41,36,5,11.904761904761905
CRX650,China,Mar 2016,50,46,4,7.8431372549019605
CRX650,Japan,Jan 2016,85,76,9,10.465116279069768
CRX650,Japan,Feb 2016,92,83,9,9.67741935483871
CRX650,Japan,Mar 2016,93,83,10,10.638297872340425
